{"minzoom":0,"maxzoom":9,"center":[103.710937,1.16632,9.0],"bounds":[103.605781,1.16632,104.405777,1.470694]}