{"minzoom":0,"maxzoom":8,"center":[103.605781,1.16632,8.0],"bounds":[103.605781,1.16632,104.405777,1.470694]}